{
    "enemies": [
        {
            "coordinate": {
                "x": 4.0,
                "y": 6.0
            },
            "prefabName": "Enemy_AI 1",
            "id": 0,
            "spawnPosition": {
                "x": 133.39605712890626,
                "y": 14.515604972839356,
                "z": 208.81829833984376
            },
            "spawnRotation": {
                "x": 0.0,
                "y": 0.0,
                "z": 0.0,
                "w": 1.0
            },
            "spawnScale": {
                "x": 1.0,
                "y": 1.0,
                "z": 1.0
            },
            "position": {
                "x": 133.39605712890626,
                "y": 14.515604972839356,
                "z": 208.81829833984376
            },
            "rotation": {
                "x": 0.0,
                "y": 0.0,
                "z": 0.0,
                "w": 1.0
            },
            "scale": {
                "x": 1.0,
                "y": 1.0,
                "z": 1.0
            },
            "dead": false,
            "maxHealth": 3,
            "health": 3,
            "speed": 4.0,
            "attackingRange": 20.0,
            "exploringRange": 20.0,
            "idleTime": 4.0
        },
        {
            "coordinate": {
                "x": 4.0,
                "y": 6.0
            },
            "prefabName": "Enemy_AI 1",
            "id": 1,
            "spawnPosition": {
                "x": 132.74105834960938,
                "y": 14.448468208312989,
                "z": 216.8612518310547
            },
            "spawnRotation": {
                "x": 0.0,
                "y": 0.0,
                "z": 0.0,
                "w": 1.0
            },
            "spawnScale": {
                "x": 1.0,
                "y": 1.0,
                "z": 1.0
            },
            "position": {
                "x": 132.74105834960938,
                "y": 14.448468208312989,
                "z": 216.8612518310547
            },
            "rotation": {
                "x": 0.0,
                "y": 0.0,
                "z": 0.0,
                "w": 1.0
            },
            "scale": {
                "x": 1.0,
                "y": 1.0,
                "z": 1.0
            },
            "dead": false,
            "maxHealth": 3,
            "health": 3,
            "speed": 4.0,
            "attackingRange": 20.0,
            "exploringRange": 20.0,
            "idleTime": 4.0
        },
        {
            "coordinate": {
                "x": 1.0,
                "y": 6.0
            },
            "prefabName": "Enemy_AI 1",
            "id": 2,
            "spawnPosition": {
                "x": 57.516639709472659,
                "y": 17.996597290039064,
                "z": 218.91598510742188
            },
            "spawnRotation": {
                "x": 0.0,
                "y": 0.0,
                "z": 0.0,
                "w": 1.0
            },
            "spawnScale": {
                "x": 1.0,
                "y": 1.0,
                "z": 1.0
            },
            "position": {
                "x": 57.516639709472659,
                "y": 17.996597290039064,
                "z": 218.91598510742188
            },
            "rotation": {
                "x": 0.0,
                "y": 0.0,
                "z": 0.0,
                "w": 1.0
            },
            "scale": {
                "x": 1.0,
                "y": 1.0,
                "z": 1.0
            },
            "dead": false,
            "maxHealth": 3,
            "health": 3,
            "speed": 4.0,
            "attackingRange": 20.0,
            "exploringRange": 20.0,
            "idleTime": 4.0
        },
        {
            "coordinate": {
                "x": 1.0,
                "y": 6.0
            },
            "prefabName": "Enemy_AI 1",
            "id": 3,
            "spawnPosition": {
                "x": 48.29690170288086,
                "y": 17.435474395751954,
                "z": 211.92581176757813
            },
            "spawnRotation": {
                "x": 0.0,
                "y": 0.0,
                "z": 0.0,
                "w": 1.0
            },
            "spawnScale": {
                "x": 1.0,
                "y": 1.0,
                "z": 1.0
            },
            "position": {
                "x": 48.29690170288086,
                "y": 17.435474395751954,
                "z": 211.92581176757813
            },
            "rotation": {
                "x": 0.0,
                "y": 0.0,
                "z": 0.0,
                "w": 1.0
            },
            "scale": {
                "x": 1.0,
                "y": 1.0,
                "z": 1.0
            },
            "dead": false,
            "maxHealth": 3,
            "health": 3,
            "speed": 4.0,
            "attackingRange": 20.0,
            "exploringRange": 20.0,
            "idleTime": 4.0
        },
        {
            "coordinate": {
                "x": 6.0,
                "y": 6.0
            },
            "prefabName": "Enemy_AI town",
            "id": 4,
            "spawnPosition": {
                "x": 211.3567657470703,
                "y": 13.202360153198243,
                "z": 197.28195190429688
            },
            "spawnRotation": {
                "x": 0.0,
                "y": 0.0,
                "z": 0.0,
                "w": 1.0
            },
            "spawnScale": {
                "x": 1.0,
                "y": 1.0,
                "z": 1.0
            },
            "position": {
                "x": 211.3567657470703,
                "y": 13.202360153198243,
                "z": 197.28195190429688
            },
            "rotation": {
                "x": 0.0,
                "y": 0.0,
                "z": 0.0,
                "w": 1.0
            },
            "scale": {
                "x": 1.0,
                "y": 1.0,
                "z": 1.0
            },
            "dead": false,
            "maxHealth": 3,
            "health": 3,
            "speed": 4.0,
            "attackingRange": 20.0,
            "exploringRange": 20.0,
            "idleTime": 4.0
        },
        {
            "coordinate": {
                "x": 6.0,
                "y": 5.0
            },
            "prefabName": "Enemy_AI town",
            "id": 5,
            "spawnPosition": {
                "x": 214.7321014404297,
                "y": 13.031858444213868,
                "z": 186.92027282714845
            },
            "spawnRotation": {
                "x": 0.0,
                "y": 0.0,
                "z": 0.0,
                "w": 1.0
            },
            "spawnScale": {
                "x": 1.0,
                "y": 1.0,
                "z": 1.0
            },
            "position": {
                "x": 214.7321014404297,
                "y": 13.031858444213868,
                "z": 186.92027282714845
            },
            "rotation": {
                "x": 0.0,
                "y": 0.0,
                "z": 0.0,
                "w": 1.0
            },
            "scale": {
                "x": 1.0,
                "y": 1.0,
                "z": 1.0
            },
            "dead": false,
            "maxHealth": 3,
            "health": 3,
            "speed": 4.0,
            "attackingRange": 20.0,
            "exploringRange": 20.0,
            "idleTime": 4.0
        },
        {
            "coordinate": {
                "x": 6.0,
                "y": 5.0
            },
            "prefabName": "Enemy_AI town",
            "id": 6,
            "spawnPosition": {
                "x": 213.7664337158203,
                "y": 13.280668258666993,
                "z": 181.20504760742188
            },
            "spawnRotation": {
                "x": 0.0,
                "y": 0.0,
                "z": 0.0,
                "w": 1.0
            },
            "spawnScale": {
                "x": 1.0,